tweets,cleaned_tweets
TikToker raises $360K+ to help disabled 90-year-old veteran struggling to pay rent,tiktoker raises k help disabled yearold veteran struggling pay rent
"Trump claims 'nobody' cheered Harris outside Air Force Two despite video, images of crowds",trump claims nobody cheered harris outside air force two despite video images crowds
BUBBLE POPPED: An iconic gumball demonstration seen by millions over the years is back in the spotlight as Kamala Harris faces growing scrutiny over her handling of the border crisis. How the pieces connect. https://trib.al/WZ0jmI6,bubble popped iconic gumball demonstration seen millions years back spotlight kamala harris faces growing scrutiny handling border crisis pieces connect
Former leader of Walz's battalion publishes scathing message aimed at governor's military career: Report,former leader walzs battalion publishes scathing message aimed governors military career report
"Washington Post pushes Harris to answer 'legitimate questions' about her flip-flops, agenda",washington post pushes harris answer legitimate questions flipflops agenda
Kamala Harris ripped for pivoting on border security: 'Outrageous',kamala harris ripped pivoting border security outrageous
"Jordan Chiles Paris Olympics bronze medal controversy is 'completely devastating,' US gymnastics great says",jordan chiles paris olympics bronze medal controversy completely devastating us gymnastics great says
Trump-Musk interview upsets Hollywood elites,trumpmusk interview upsets hollywood elites
ADT hacked: Is your home security system really secure?,adt hacked home security system really secure
BAD WITH MONEY: Kamala Harris' running mate is facing increased scrutiny after 'at least a quarter billion dollars' was stolen from a federally funded Minnesota program pushed by the governor. More details. https://trib.al/Y0aMaae,bad money kamala harris running mate facing increased scrutiny least quarter billion dollars stolen federally funded minnesota program pushed governor details
"Trump to sue DOJ for $100M over Mar-a-Lago raid, alleging 'political persecution'",trump sue doj maralago raid alleging political persecution
Vance hits Walz over military record,vance hits walz military record
Biden has another light schedule this week with 5 months until term ends,biden another light schedule week months term ends
Concha slams Harris for evading media since becoming Dem nominee: 'Zero ability to speak extemporaneously',concha slams harris evading media since becoming dem nominee zero ability speak extemporaneously
"Iran could attack Israel in less than 24 hours, sources say, as Western powers issue Tehran a warning",iran could attack israel less hours sources say western powers issue tehran warning
Team USA women's basketball squad holds off France for its eighth straight Olympic gold,team usa womens basketball squad holds france eighth straight olympic gold
US Olympic officials plan to appeal a court ruling that led to US gymnast Jordan Chiles being stripped of her bronze medal,us olympic officials plan appeal court ruling led us gymnast jordan chiles stripped bronze medal
US gymnast Jordan Chiles will be stripped of a bronze medal after the International Olympic Committee reallocated it to Romanian gymnast Ana Bărbosu,us gymnast jordan chiles stripped bronze medal international olympic committee reallocated romanian gymnast ana brbosu
"US men's basketball defeats host nation France, taking gold for the fifth consecutive Olympic Games. https://cnn.it/3LXWVhv",us mens basketball defeats host nation france taking gold fifth consecutive olympic games
"An 18-year-old Iraqi national was detained in Vienna over an alleged plot to attack a Taylor Swift concert in the Austrian capital, officials said",yearold iraqi national detained vienna alleged plot attack taylor swift concert austrian capital officials said
"Dramatic new bodycam video obtained by CNN shows, for the first time, the moment a police officer saw Trump shooter just before assassination attempt",dramatic new bodycam video obtained cnn shows first time moment police officer saw trump shooter assassination attempt
Team USA battles its way back after trailing Serbia by 17 points to make men's basketball final against Olympic host France,team usa battles way back trailing serbia points make mens basketball final olympic host france
Dow closes nearly 700 points higher after latest jobless data brings better news for America's labor market,dow closes nearly points higher latest jobless data brings better news americas labor market
"After his stunning defeat in 200-meter race at the Olympics today, USA sprinter Noah Lyles confirms he tested positive for Covid-19 earlier this week",stunning defeat meter race olympics today usa sprinter noah lyles confirms tested positive covid earlier week
Trump and Harris are set to debate on ABC on September 10. Other potential faceoffs are still up in the air.,trump harris set debate abc september potential faceoffs still air
"Letsile Tebogo of Botswana stuns American Noah Lyles, previously crowned world's fastest man, to win the 200-meter race. Follow live Olympics updates. https://cnn.it/3SG35Xc",letsile tebogo botswana stuns american noah lyles previously crowned worlds fastest man win meter race follow live olympics updates
US mortgage rates drop to their lowest level in more than a year -- a positive step in solving America's housing affordability crisis.,us mortgage rates drop lowest level year positive step solving americas housing affordability crisis
"Tropical Storm Debby makes landfall again, this time in South Carolina, after killing 5 and flooding parts of the Southeast",tropical storm debby makes landfall time south carolina killing flooding parts southeast
"Simone Biles, the 11-time Olympic medalist, opens up with CNN about how therapy helped her achieve a historic comeback in Paris after suffering from the ""twisties"" in Tokyo",simone biles time olympic medalist opens cnn therapy helped achieve historic comeback paris suffering twisties tokyo
"Yahya Sinwar, alleged ""mastermind"" of the October 7 terror attacks, will become head of Hamas' political bureau after his predecessor was assassinated.",yahya sinwar alleged mastermind october terror attacks become head hamas political bureau predecessor assassinated
A Pakistani national with ties to Iran is charged in connection to a foiled assassination plot potentially targeting Trump and other US officials,pakistani national ties iran charged connection foiled assassination plot potentially targeting trump us officials
"A former Kansas police chief will be charged over the 2023 raid on a small newspaper that drew condemnation from press freedom advocates, prosecutors say",former kansas police chief charged raid small newspaper drew condemnation press freedom advocates prosecutors say
"Kamala Harris picks Minnesota Gov. Tim Walz as her running mate, multiple sources say. He has been a leading driver of Democrats' attacks on Trump https://cnn.it/3YFCZqW",kamala harris picks minnesota gov tim walz running mate multiple sources say leading driver democrats attacks trump
"Several US personnel were injured in a suspected rocket attack against US and coalition forces in Iraq, a US defense official says.",several us personnel injured suspected rocket attack us coalition forces iraq us defense official says
Dow and S&P 500 finish their worst day since 2022 as investors fear the US economy is on shaky legs,dow sp finish worst day since investors fear us economy shaky legs
Supreme Court rejects Missouri lawsuit to block Trump's sentencing and gag order in New York hush money case,supreme court rejects missouri lawsuit block trumps sentencing gag order new york hush money case
"Google has violated US antitrust law with its search business, federal judge rules, handing the tech giant a staggering court defeat",google violated us antitrust law search business federal judge rules handing tech giant staggering court defeat
Street artist Banksy has unveiled a new mural of a rhinoceros that looks like it is climbing on top of a car in London.,street artist banksy unveiled new mural rhinoceros looks like climbing top car london
"While the weekend passed with no direct retaliation from Hezbollah for the killings of several top leaders by Israeli strikes, the group said it still plans to strike.",weekend passed no direct retaliation hezbollah killings several top leaders israeli strikes group said still plans strike
"A British man, who was seen climbing the Eiffel Tower on the last day of the Paris Olympics, has been released from police custody, but remains under investigation for trespassing at a historical site, French prosecutors said Monday.",british man seen climbing eiffel tower last day paris olympics released police custody remains investigation trespassing historical site french prosecutors said monday
"NEW: Former Pres. Donald Trump, in a post to his conservative social media site Truth Social, announced he will be interviewed live by Elon Musk on X at 8 p.m. ET.",new former pres donald trump post conservative social media site truth social announced interviewed live elon musk x pm et
Sweden has dropped its investigation into a backstage altercation in May involving the Dutch contestant in the Eurovision Song Contest who was expelled from the competition hours before the final.,sweden dropped investigation backstage altercation may involving dutch contestant eurovision song contest expelled competition hours final
The woman who says she helped save Graceland from possible foreclosure is sharing her side of the saga for the first time. https://trib.al/YcfiaI8,woman says helped save graceland possible foreclosure sharing side saga first time
"Jury selection is set to begin Monday in the trial of Susan Lorincz, the Florida woman who is charged with fatally shooting her neighbor Ajike ""AJ"" Owens, a Black mother of four, in 2023 amid a dispute with Owens' children.",jury selection set begin monday trial susan lorincz florida woman charged fatally shooting neighbor ajike aj owens black mother four amid dispute owens children
"Susan Wojcicki, a pioneering tech executive who helped shape Google and YouTube, has died, her husband said. She was 56. https://trib.al/qX3nsxP",susan wojcicki pioneering tech executive helped shape google youtube died husband said
Colleges large and small in the U.S. are cutting programs and eliminating majors to make ends meet.,colleges large small us cutting programs eliminating majors make ends meet
Costco Wholesale will add membership scanners to combat customers who have shared their card to let friends shop.,costco wholesale add membership scanners combat customers shared card let friends shop
"Kate Middleton, the Princess of Wales, has appeared alongside a host of other celebrities congratulating Team GB on their olympic success as the 2024 Games comes to a close in Paris. https://trib.al/0VtdpOk",kate middleton princess wales appeared alongside host celebrities congratulating team gb olympic success games comes close paris
"An allegedly stolen identity and a possible foreclosure — the woman who says she helped save Graceland is sharing her side of the saga for the first time.
https://trib.al/wCBlv10",allegedly stolen identity possible foreclosure woman says helped save graceland sharing side saga first time
A makeshift aquarium established by two longtime Brooklyn residents in a sidewalk tree pit often flooded by a leaky fire hydrant has stirred controversy.,makeshift aquarium established two longtime brooklyn residents sidewalk tree pit often flooded leaky fire hydrant stirred controversy
"Skywatchers and beachgoers reported several waterspouts on Lake Erie on Sunday morning. 

A special marine warning for wind, hail and waterspouts were in place for the area near Mentor, Ohio, during the time they were spotted.",skywatchers beachgoers reported several waterspouts lake erie sunday morning special marine warning wind hail waterspouts place area near mentor ohio time spotted
"The 35th season of Homer, Marge, Bart, Lisa and Maggie is heading to Disney+ on Oct. 2 with some brand-new surprises.",th season homer marge bart lisa maggie heading disney oct brandnew surprises
"A woman died Thursday at Chicago O'Hare International Airport after getting caught in a baggage carousel, officials told 
@ABC
 News.",woman died thursday chicago ohare international airport getting caught baggage carousel officials told news
"An ""Avatar"" experience and a ""Coco"" ride are coming to Disney California Adventure Park, Disney Experiences Chairman Josh D'Amaro announced at the D23 fan event.",avatar experience coco ride coming disney california adventure park disney experiences chairman josh damaro announced fan event
"With climate change fueling more damaging and deadly weather events, experts question if the effects of global warming have fallen victim to over-politicization on the national stage.",climate change fueling damaging deadly weather events experts question effects global warming fallen victim overpoliticization national stage
"Small businesses along popular vacation destinations like boardwalks and piers in the U.S. say the number of tourists flocking to the waterfront is back to normal, meaning pre-2020 levels.",small businesses along popular vacation destinations like boardwalks piers us say number tourists flocking waterfront back normal meaning pre levels
"Tom Cruise closed out the 2024 Paris Olympics ""Mission Impossible"" style — by rappelling down from the roof of Stade de France.

Read more: https://trib.al/xGmN3ug",tom cruise closed paris olympics mission impossible style rappelling roof stade de france read
"Israeli forces intercept 'projectiles' crossing from Lebanon. No injuries have been reported, IDF says.",israeli forces intercept projectiles crossing lebanon no injuries reported idf says
"JUST IN: Two people have been found dead and another was injured after an explosion Sunday in a suburban Baltimore neighborhood, authorities say.",two people found dead another injured explosion sunday suburban baltimore neighborhood authorities say
A new Instagram filter will allow Jackson Hole visitors to interact with nature while keeping a safe distance from wildlife.,new instagram filter allow jackson hole visitors interact nature keeping safe distance wildlife
"The 2024 MTV Video Music Award nominations are here, and Taylor Swift leads this year's nominations with 10 nods.

See the full list of nominees:",mtv video music award nominations taylor swift leads years nominations nods see full list nominees
"Robin Williams' son, Zachary Pym Williams, paid tribute to his father on Instagram on Sunday, 10 years to the day after Williams died.",robin williams son zachary pym williams paid tribute father instagram sunday years day williams died
Tom Cruise closed out the 2024 Paris Olympics by rappelling down from the roof of Stade de France.,tom cruise closed paris olympics rappelling roof stade de france
"In the Ryan Reynolds-Blake Lively box-office showdown, both husband and wife came out winners.",ryan reynoldsblake lively boxoffice showdown husband wife came winners
"Before Vice Pres. Kamala Harris decided Minnesota Gov. Tim Walz would be her running mate, she had a talented field of finalists.

Here's a look at the two men who came closest to being picked:",vice pres kamala harris decided minnesota gov tim walz would running mate talented field finalists heres look two men came closest picked
"Ocean temperatures in the Great Barrier Reef hit their highest level in 400 years over the past decade, according to researchers who warned that the reef likely won’t survive if planetary warming isn’t stopped.",ocean temperatures great barrier reef hit highest level years past decade according researchers warned reef likely wont survive planetary warming isnt stopped
"A new study suggests a popular artificial sweetener could be linked to a higher risk of blood clots, but the researchers themselves say their findings are preliminary and more research is needed to understand any potential health risks.",new study suggests popular artificial sweetener could linked higher risk blood clots researchers say findings preliminary research needed understand potential health risks
"A suspected serial killer already in custody in North Carolina for a cold case murder has been charged in the slayings of three women who were strangled to death in 1977 in California, authorities said.",suspected serial killer already custody north carolina cold case murder charged slayings three women strangled death california authorities said
The U.S. Navy is struggling to build affordable warships needed to face expanding threats around the world.,us navy struggling build affordable warships needed face expanding threats around world
LATEST: The Israel Defense Forces on Sunday ordered civilians in the al-Jalaa neighborhood of northern Khan Younis to evacuate as Israeli troops began raiding the area it alleges is being used by Hamas terrorists.,latest israel defense forces sunday ordered civilians aljalaa neighborhood northern khan younis evacuate israeli troops began raiding area alleges used hamas terrorists
"Minnesota Sen. Amy Klobuchar, D, Democrats are ""moving forward"" after President Biden ended his reelection campaign and passed the baton to Vice President Harris.",minnesota sen amy klobuchar democrats moving forward president biden ended reelection campaign passed baton vice president harris
"LATEST: Several people suffered ""minor injuries"" after a U.S. military base in eastern Syria was attacked by a one-way drone, officials said Sunday, including smoke inhalation, while others were examined for traumatic brain injuries.",latest several people suffered minor injuries us military base eastern syria attacked oneway drone officials said sunday including smoke inhalation others examined traumatic brain injuries
"When an American traveler was able to get a travel voucher from an airline to stay in Italy a bit longer, she had no idea it would essentially lead to getting paid to travel.",american traveler able get travel voucher airline stay italy bit longer no idea would essentially lead getting paid travel
"A Federal Bureau of Prisons employee died after coming into contact with an unknown substance in the mailroom at the U.S. penitentiary in Atwater, California, according to a bureau spokesperson. https://trib.al/e4zYJ3S",federal bureau prisons employee died coming contact unknown substance mailroom us penitentiary atwater california according bureau spokesperson
"Here's a guide to how you can keep up with The New York Times, on and off Twitter.
@nytimes
 shares news to help you understand the world.
@nytopinion
 offers crucial perspectives on the issues that matter to you.",heres guide keep new york times twitter shares news help understand world offers crucial perspectives issues matter
"A gas explosion in northern Maryland destroyed a house on Sunday morning, killing the homeowner and contractor who had been despatched to investigate a purported leak in the home, fire officials said.",gas explosion northern maryland destroyed house sunday morning killing homeowner contractor despatched investigate purported leak home fire officials said
An Alabama Supreme Court ruling in February that deemed frozen embryos were “unborn children” has motivated some patients and clinics to move embryos out of red states.,alabama supreme court ruling february deemed frozen embryos unborn children motivated patients clinics move embryos red states
"The leaders of Britain, France and Germany urged Iran to avoid inflaming regional tensions, warning in a joint statement that a military escalation in the Middle East could disrupt efforts to reach a cease-fire in Gaza. Follow for more updates.",leaders britain france germany urged iran avoid inflaming regional tensions warning joint statement military escalation middle east could disrupt efforts reach ceasefire gaza follow updates
"Breaking News: Two people, including an 11-year-old girl, were stabbed in London’s Leicester Square, the police said. A man has been arrested.",breaking news two people including yearold girl stabbed londons leicester square police said man arrested
"Close allies of Donald Trump say he has made a string of damaging mistakes, disoriented by Kamala Harris entering the presidential race and unsure of how to take her on.",close allies donald trump say made string damaging mistakes disoriented kamala harris entering presidential race unsure take
"From 
@TheAthletic
: These were the first Olympics that sought full gender parity — with as many women athletes competing as men. And their athletic brilliance was on display right from the jump, culminating in a gritty U.S. women's basketball gold.",first olympics sought full gender parity many women athletes competing men athletic brilliance display right jump culminating gritty us womens basketball gold
"Russian forces are pummeling Ukrainian positions along the front lines, even as Ukraine's incursion onto Russian soil continues, Ukrainian military officials said on Monday. “Our guys do not feel any relief.""",russian forces pummeling ukrainian positions along front lines even ukraines incursion onto russian soil continues ukrainian military officials said monday guys not feel relief
Connections is a daily game about finding common threads between words. Players must select four groups of four words without making more than three mistakes. Play now. https://nyti.ms/3AmAoIF,connections daily game finding common threads words players must select four groups four words without making three mistakes play
A 22-year-old man was charged with assault as a hate crime after the police said he yelled “Free Palestine” and “Do you want to die?” before stabbing a young Jewish man in the chest near a synagogue in Brooklyn on Saturday.,yearold man charged assault hate crime police said yelled free palestine want die stabbing young jewish man chest near synagogue brooklyn saturday
"Donald Trump is struggling to adjust to his new opponent in the 2024 race, Kamala Harris. Listen to ""The Daily"" for an inside look at the three worst weeks of Trump's campaign.",donald trump struggling adjust new opponent race kamala harris listen daily inside look three worst weeks trumps campaign
"Even after restoring order to Britain in the wake of two weeks of anti-immigrant riots, Prime Minister Keir Starmer faces a bigger challenge: defusing the issues of fraying public services and a cost of living crisis that underlie the unrest.",even restoring order britain wake two weeks antiimmigrant riots prime minister keir starmer faces bigger challenge defusing issues fraying public services cost living crisis underlie unrest
"After spending three weeks in one of Gaza’s last functioning hospitals, Dr. Ahmad Yousaf, an American pediatrician, described the severe toll of the war on medical workers and civilians, particularly children. https://nyti.ms/4difs3P",spending three weeks one gazas last functioning hospitals dr ahmad yousaf american pediatrician described severe toll war medical workers civilians particularly children
